,accuracy,precision,recall,f1,confusion_matrix,roc_auc
logistic,0.98,0.9891304347826086,0.9891304347826086,0.9891304347826086,"[[7, 1], [1, 91]]",0.9877717391304348
decision_tree,0.95,0.967741935483871,0.9782608695652174,0.972972972972973,"[[5, 3], [2, 90]]",0.8016304347826086
random_forest,0.94,0.9387755102040817,1.0,0.968421052631579,"[[2, 6], [0, 92]]",0.9701086956521738
xgboost,0.97,0.968421052631579,1.0,0.983957219251337,"[[5, 3], [0, 92]]",0.9904891304347826
